Age,Experience,Income,Family,CCAvg,Education,Mortgage,Securities_Account,CD_Account,Online,CreditCard,Accept_Loan
31,5,84,1,2.9,3,105,0,0,0,1,0
35,9,45,3,0.9,1,101,1,0,0,0,0
34,9,35,3,1.3,1,0,0,0,0,0,0
49,23,114,1,0.3,1,286,0,0,1,0,0
36,12,70,3,2.6,2,165,0,0,1,0,0
31,4,20,4,1.5,2,0,0,0,1,0,0
50,26,55,1,1.6,2,0,0,0,1,0,0
36,11,98,3,1.2,3,0,1,0,0,1,0
51,27,112,3,1.8,2,0,1,1,1,1,0
41,16,98,1,4.0,3,0,0,0,0,1,0
32,6,54,4,1.8,3,167,0,0,0,0,0
43,19,31,3,0.5,1,0,0,0,0,0,0
46,19,24,3,0.67,2,0,0,0,1,0,0
27,0,40,1,2.0,2,110,0,0,0,1,0
49,25,44,4,0.9,2,194,0,0,1,0,0
59,34,64,4,1.7,1,0,0,0,0,0,0
58,33,173,2,7.2,3,0,0,0,1,0,1
47,23,65,1,0.0,1,0,0,0,0,0,0
36,6,90,4,1.8,3,0,1,0,0,0,0
53,28,59,2,1.9,2,0,0,0,1,0,0
60,35,32,1,0.3,3,80,0,0,1,0,0
38,14,29,4,0.4,2,0,0,0,1,0,0
56,30,44,4,2.5,1,0,0,0,0,1,0
61,31,19,1,1.5,3,0,0,0,1,0,0
33,9,105,1,4.0,1,0,0,0,1,0,0
34,9,55,3,2.3,1,0,1,1,1,1,0
57,27,62,3,2.0,3,0,0,0,1,0,0
29,4,182,1,3.7,3,0,0,0,1,0,1
38,13,163,1,4.1,1,0,0,0,0,0,0
35,10,128,1,3.8,1,0,0,0,1,0,0
27,2,78,4,0.2,1,87,0,0,0,0,0
50,25,44,1,0.3,1,187,0,0,1,1,0
54,28,65,1,0.2,1,0,0,0,0,1,0
50,25,84,1,1.3,3,0,1,0,1,0,0
40,15,173,4,6.6,1,0,0,1,1,1,1
59,33,111,3,4.4,1,0,0,0,1,0,0
46,20,40,1,1.2,2,0,0,0,1,0,0
52,25,43,3,1.0,2,165,0,1,1,1,0
61,37,48,1,0.8,1,158,0,0,1,0,0
31,5,72,4,1.8,2,242,0,0,1,1,0
45,21,183,2,1.4,1,354,0,0,0,0,0
45,15,32,1,0.75,3,105,0,0,1,0,0
65,41,78,3,2.0,3,0,0,1,1,1,0
37,11,34,3,0.9,1,0,0,0,1,0,0
33,8,145,1,2.7,3,0,0,0,1,0,1
54,28,34,4,0.7,2,0,0,0,1,0,0
58,33,43,2,1.6,3,0,0,0,1,0,0
50,24,44,4,1.8,1,0,0,0,1,1,0
59,35,85,1,3.4,3,0,0,1,0,1,1
30,4,30,3,1.0,1,0,0,0,1,0,0
40,14,78,4,1.4,2,194,0,0,1,1,0
52,27,93,4,4.1,2,0,0,0,0,1,1
29,5,85,3,2.5,1,0,0,0,1,1,0
52,26,71,1,1.4,3,0,0,0,0,0,0
28,2,22,1,0.1,2,0,0,0,1,0,0
41,17,129,1,3.4,1,0,0,0,0,1,0
26,0,71,4,1.8,2,0,1,0,1,0,0
63,39,32,1,1.9,2,100,0,0,0,0,0
31,6,53,4,2.2,1,114,0,0,1,0,0
61,36,50,4,1.7,1,189,0,0,1,0,0
59,33,100,2,2.0,1,127,0,0,0,0,0
27,2,55,4,1.7,2,0,0,0,1,0,0
36,11,15,2,0.3,2,119,0,0,0,0,0
56,30,29,4,0.7,2,87,0,0,1,0,0
58,33,24,2,0.5,2,0,0,0,1,0,0
52,28,62,1,1.8,3,0,0,0,1,0,0
36,10,30,2,0.8,3,0,0,0,1,0,0
23,-2,45,4,0.6,2,0,0,0,1,1,0
65,40,75,3,2.2,1,0,0,0,1,0,0
45,21,69,4,1.9,1,0,0,0,0,0,0
63,38,63,2,1.5,1,0,0,0,1,0,0
45,20,84,4,1.1,2,180,0,0,1,0,0
37,11,22,3,0.1,2,0,0,0,1,1,0
40,16,120,2,6.1,1,196,0,0,1,0,0
31,5,39,4,1.8,3,185,0,0,0,1,0
66,41,114,1,0.8,3,0,0,0,1,1,0
56,26,62,3,1.4,3,0,0,0,1,0,0
56,32,83,4,1.6,2,0,0,0,0,0,0
58,33,39,2,2.3,3,0,0,0,1,0,0
31,7,13,1,0.5,3,0,0,0,1,0,0
62,37,128,1,2.5,1,0,0,0,0,0,0
34,9,78,3,0.6,2,0,0,0,1,0,0
43,18,104,3,1.0,1,0,0,0,1,0,0
41,16,81,2,0.4,1,146,0,0,1,1,0
30,4,40,4,2.1,3,0,0,0,1,1,0
32,6,29,1,1.9,3,0,0,0,1,1,0
31,7,170,1,6.0,1,0,0,0,1,0,0
29,5,92,2,0.6,1,0,0,0,1,0,0
40,15,132,2,3.9,1,0,0,0,1,0,0
61,35,38,2,0.3,1,0,0,0,0,0,0
34,10,61,3,2.0,1,0,0,0,0,1,0
30,4,78,4,2.2,2,236,1,0,0,0,0
50,26,19,2,0.4,1,118,0,0,1,0,0
40,15,171,2,3.3,1,0,0,0,1,0,0
26,2,60,2,3.0,1,132,0,0,0,0,1
54,28,89,1,1.9,2,0,0,0,1,1,0
29,5,34,4,0.4,2,0,0,0,0,1,0
33,8,64,4,2.1,3,164,0,0,1,0,0
32,7,112,1,3.8,1,81,0,0,1,0,0
30,6,42,1,2.1,3,0,0,0,1,0,0
57,33,15,2,0.3,1,0,0,0,1,0,0
27,3,84,3,1.5,1,0,0,0,1,1,0
65,40,95,3,3.7,2,138,0,0,0,1,1
29,5,34,4,0.4,2,0,0,0,1,0,0
61,35,25,1,0.8,2,142,0,0,1,0,0
33,7,80,2,1.5,3,0,0,0,1,1,0
44,18,162,4,1.3,1,301,0,0,0,0,1
40,16,155,4,0.1,3,0,0,1,1,1,1
51,27,62,2,3.2,3,118,0,0,0,1,0
63,39,83,3,2.0,3,0,0,0,1,1,0
54,28,48,4,2.8,2,0,0,0,1,0,0
52,28,81,3,1.8,2,275,0,0,0,0,0
66,41,80,4,0.1,2,0,0,0,1,0,0
31,7,43,1,2.1,3,166,0,0,0,1,0
53,29,51,2,3.2,3,0,0,0,1,0,0
55,28,50,3,1.0,2,0,0,0,1,1,0
65,39,105,4,1.7,3,0,1,0,1,0,0
56,30,61,1,2.2,3,0,0,0,1,1,0
60,35,130,3,6.3,3,437,0,1,1,1,1
29,3,39,4,2.1,3,0,0,0,1,0,0
31,5,28,1,0.3,1,0,0,0,1,1,0
42,16,41,3,0.5,3,0,0,0,1,0,0
37,11,69,3,2.1,1,0,1,0,0,0,0
53,28,44,3,1.7,1,0,0,0,0,0,0
30,3,33,4,1.5,2,85,0,0,0,0,0
29,5,80,2,2.0,2,0,0,0,1,1,0
30,6,124,2,0.6,1,0,0,0,1,0,0
27,3,43,3,0.1,2,163,0,0,1,0,0
52,26,35,4,1.8,1,0,0,0,1,0,0
28,4,29,3,0.1,2,0,0,0,1,0,0
53,27,81,4,2.6,3,0,0,0,1,0,0
50,26,39,3,1.9,2,0,0,0,1,0,0
44,20,69,1,0.8,3,184,0,1,1,1,0
57,32,59,2,3.7,1,134,0,0,1,0,0
65,41,84,2,0.0,3,0,0,0,1,1,0
44,19,154,2,8.8,1,0,0,0,1,0,0
59,33,50,2,2.3,3,0,0,0,0,1,0
54,28,60,4,2.6,3,0,0,0,0,0,0
31,6,180,2,6.7,1,0,0,0,0,0,0
65,39,44,1,0.5,3,0,0,0,1,1,0
43,17,72,1,2.8,1,271,0,0,1,0,0
40,15,8,2,0.1,2,0,0,0,0,0,0
27,2,41,2,1.7,2,0,0,0,1,0,0
46,20,111,2,6.3,1,0,0,0,0,1,0
56,26,51,3,2.0,3,0,0,0,1,0,0
32,8,70,3,1.5,1,0,0,0,1,0,0
64,39,59,2,1.5,1,139,0,0,1,0,0
38,13,173,2,3.3,1,243,0,0,0,0,0
30,4,49,3,1.1,2,0,0,0,0,1,0
41,16,91,3,0.5,3,0,0,0,0,0,0
41,15,49,3,0.9,3,0,0,1,1,1,0
60,36,129,2,6.0,1,0,0,0,1,0,0
42,17,72,4,1.1,2,203,0,0,0,1,0
60,34,61,4,1.7,2,229,0,0,0,0,0
35,9,8,1,0.4,2,0,0,0,1,0,0
28,3,95,2,1.8,2,0,0,0,0,0,0
26,2,40,1,1.0,3,0,0,0,1,0,0
43,19,35,3,0.5,1,0,0,0,1,0,0
59,34,23,1,0.1,1,0,0,0,0,1,0
34,8,14,4,0.3,1,0,0,0,0,0,0
27,1,112,4,2.1,3,0,0,0,0,1,0
30,4,54,4,1.8,3,235,0,0,1,0,0
59,33,34,1,0.2,1,0,0,0,1,0,0
54,29,48,2,2.1,3,142,0,0,1,0,0
42,15,34,3,1.0,2,0,1,0,1,0,0
25,1,13,4,1.0,1,95,0,0,0,1,0
51,25,70,1,0.8,3,0,1,0,1,0,0
57,32,21,4,0.9,2,113,1,0,0,0,0
25,1,74,4,2.6,1,204,0,0,0,0,0
46,19,59,3,2.67,2,0,0,0,0,0,0
67,41,18,2,0.4,1,0,0,0,1,0,0
43,18,29,1,0.5,3,0,0,0,1,0,0
42,18,145,2,8.0,1,505,0,0,0,0,0
56,30,145,4,5.7,2,0,0,1,1,1,1
43,17,64,4,3.0,3,221,0,0,1,0,1
60,35,34,1,0.3,3,0,0,0,1,0,0
47,22,93,1,0.2,2,309,0,0,1,0,0
56,31,21,2,0.2,3,137,0,1,1,1,0
28,3,52,4,2.2,1,230,0,0,1,0,0
35,10,73,3,2.3,1,0,0,0,1,0,0
55,31,23,2,0.2,1,0,0,0,1,0,0
53,27,81,3,1.7,2,0,0,0,0,0,0
56,30,73,2,1.1,1,0,0,0,0,0,0
50,24,32,4,1.8,1,109,0,0,1,0,0
63,37,80,2,1.7,3,0,0,0,1,1,0
59,35,11,2,1.0,1,0,0,0,0,1,0
34,10,25,4,1.0,1,0,0,0,1,0,0
51,24,23,1,0.5,2,0,0,0,1,0,0
46,20,15,4,0.6,3,0,1,0,1,0,0
31,5,101,1,2.9,3,170,1,0,0,0,0
35,11,14,4,1.0,1,0,0,1,1,1,0
60,34,83,2,1.4,1,75,1,0,1,0,0
52,27,33,2,2.0,2,0,0,0,1,0,0
48,23,23,4,0.4,2,122,0,0,0,0,0
44,20,113,2,3.3,1,0,0,0,1,1,0
39,14,20,1,0.6,3,0,0,0,1,0,0
49,25,13,4,0.2,1,87,0,0,0,0,0
46,20,114,1,0.0,1,0,0,0,1,1,0
45,21,44,3,0.6,2,0,0,0,1,0,0
58,33,60,4,1.3,3,0,0,0,1,0,0
38,13,179,1,4.1,1,0,0,0,1,0,0
53,29,50,4,0.1,3,152,0,0,1,0,0
49,23,94,1,0.3,1,0,0,0,1,0,0
32,6,51,4,0.2,1,154,1,0,0,1,0
43,19,81,1,0.3,1,218,0,0,1,0,0
27,3,98,2,2.5,1,361,1,1,1,1,0
38,11,29,4,1.0,2,0,0,0,1,0,0
44,19,68,1,3.7,3,0,0,0,1,0,0
38,13,129,3,4.1,3,0,0,1,1,1,1
60,34,21,3,0.3,3,129,0,0,1,0,0
43,19,81,2,3.2,1,0,0,0,1,0,0
62,38,24,2,1.0,1,116,0,0,0,1,0
30,5,121,2,3.1,1,408,0,0,1,0,0
56,30,44,4,0.7,2,174,0,0,1,0,0
28,3,53,2,1.6,3,0,0,0,0,0,0
29,5,195,1,4.3,1,0,0,0,0,0,0
54,28,82,4,2.6,3,294,0,0,0,0,0
51,27,19,1,0.2,1,0,0,0,0,0,0
30,4,34,2,0.3,2,0,0,0,1,1,0
48,23,32,1,0.1,1,0,0,0,0,1,0
32,6,122,2,1.3,1,0,0,0,1,1,0
48,24,12,3,0.4,1,0,0,0,0,0,0
48,23,21,1,0.1,1,0,0,0,0,0,0
27,3,20,4,1.0,1,0,0,0,0,0,0
55,29,65,3,2.5,1,0,0,0,0,0,0
52,27,135,1,0.6,1,452,0,0,1,0,0
30,5,178,2,6.7,1,0,0,0,0,0,0
62,38,174,1,4.7,1,0,0,0,1,1,0
48,23,62,4,3.6,3,83,0,0,0,1,0
40,13,69,3,2.33,2,0,0,0,0,0,0
31,5,29,2,0.3,2,131,0,0,1,1,0
60,33,154,1,3.0,2,0,1,1,1,0,1
43,19,54,2,1.7,1,0,0,0,1,0,0
55,29,99,2,1.4,1,264,0,0,1,1,0
42,18,29,1,0.3,3,0,0,0,1,0,0
64,38,92,1,2.0,1,0,0,0,1,0,0
49,24,79,1,0.2,2,83,0,0,1,1,0
58,28,90,1,3.0,3,0,0,0,0,1,0
36,9,115,4,2.2,2,0,0,0,0,0,1
47,21,132,1,0.3,1,0,0,0,1,0,0
28,2,70,3,0.3,3,0,0,0,0,1,0
41,15,53,1,0.7,3,0,0,0,1,0,0
49,25,31,1,1.0,1,0,1,0,1,0,0
29,4,9,4,0.5,3,86,0,0,1,1,0
49,25,93,1,2.7,1,0,1,0,1,0,0
29,5,18,1,0.4,3,94,0,0,1,1,0
59,35,111,1,4.3,1,0,0,0,1,0,0
53,27,145,2,6.1,3,294,0,1,1,1,1
34,10,92,2,2.7,1,0,1,1,0,1,0
37,7,73,4,1.8,3,0,0,0,1,1,0
45,20,194,2,8.8,1,428,0,0,0,0,0
42,18,141,1,3.5,1,0,0,0,0,0,0
43,19,28,3,0.5,1,0,0,0,1,1,0
62,38,99,4,1.7,2,0,0,0,1,0,0
63,39,39,1,1.9,2,0,0,0,0,0,0
43,19,81,4,0.2,3,0,0,0,0,1,0
61,35,81,4,1.9,2,0,0,0,0,0,0
40,15,83,1,1.0,3,0,0,0,0,0,0
38,13,19,2,1.4,2,120,0,0,0,1,0
63,38,59,3,0.5,2,0,0,0,1,0,0
31,5,125,2,1.3,1,0,0,0,1,1,0
34,8,18,4,0.3,1,0,0,0,0,0,0
29,3,31,4,0.3,2,0,0,0,1,0,0
53,23,20,4,0.4,3,0,0,0,1,1,0
32,8,74,4,0.1,2,257,0,0,0,1,0
58,32,55,4,2.5,1,0,0,0,1,0,0
41,15,159,1,5.5,3,0,0,1,1,0,1
52,26,114,1,4.9,1,0,0,0,0,0,0
54,30,70,1,1.6,3,265,0,0,0,0,0
41,17,138,3,6.9,2,0,0,0,1,0,1
48,24,24,4,0.2,1,0,0,0,1,0,0
49,23,23,1,1.4,3,0,0,0,0,0,0
56,31,131,2,1.2,3,0,0,0,0,0,1
50,24,32,1,1.4,3,167,0,0,0,0,0
41,16,79,1,4.0,3,225,0,0,1,0,0
60,34,60,1,2.5,3,103,0,0,0,0,0
34,8,20,2,0.3,1,106,0,0,1,1,0
37,12,182,3,5.8,3,0,0,0,1,0,1
54,27,43,3,1.0,2,169,0,0,0,0,0
49,24,25,2,0.7,3,0,0,0,1,0,0
63,37,191,2,4.3,3,205,0,0,0,0,1
29,5,133,1,5.4,1,212,0,0,1,0,0
56,32,44,3,1.5,1,153,0,0,1,0,0
50,24,112,1,0.0,1,0,0,0,0,0,0
52,27,85,3,3.4,3,0,0,0,0,0,1
39,15,41,2,1.7,1,0,0,0,0,0,0
56,31,82,4,1.3,3,0,0,0,1,0,0
43,17,164,1,2.4,1,449,0,0,1,0,0
62,36,84,2,2.8,1,0,0,0,1,0,0
49,23,71,1,1.4,3,0,0,0,0,0,0
45,18,44,3,1.0,2,193,0,0,0,0,0
58,34,65,4,2.2,1,0,0,0,1,0,0
56,31,52,3,2.0,2,0,1,1,1,1,0
42,16,185,3,2.2,2,0,1,1,1,1,1
40,16,69,4,2.4,1,0,0,0,1,0,0
55,29,33,2,0.4,3,0,0,0,0,0,0
26,1,61,4,2.2,1,119,0,0,0,0,0
63,38,22,3,0.1,3,90,0,0,1,0,0
59,33,142,2,2.7,1,0,0,0,0,0,0
26,2,60,4,1.6,1,0,0,1,1,1,0
27,3,43,1,1.0,3,0,0,0,1,0,0
35,9,45,1,2.0,1,0,0,0,1,1,0
43,19,58,2,3.2,1,0,0,0,1,0,0
37,12,84,4,0.7,3,0,0,0,1,0,0
52,28,81,3,1.8,2,0,1,0,0,0,0
42,17,74,3,3.0,1,0,0,0,0,1,0
36,12,10,4,0.7,2,81,0,0,0,0,0
47,22,78,1,0.2,2,0,0,0,1,0,0
49,24,50,4,1.8,3,0,1,0,0,0,0
31,1,70,2,1.75,3,0,0,1,1,1,0
64,40,63,4,1.2,2,0,0,0,1,0,0
43,19,35,1,0.3,3,120,1,0,1,0,0
56,31,65,2,3.7,1,0,0,0,1,0,0
31,5,28,3,1.0,1,0,0,0,1,0,0
39,14,75,3,3.0,1,0,0,0,0,1,0
48,22,65,2,1.5,2,0,0,0,1,0,0
37,11,65,2,2.4,2,260,0,0,1,0,0
49,23,119,1,7.3,1,398,0,0,0,0,0
45,18,53,3,2.5,2,112,0,0,0,0,0
49,24,75,1,2.8,2,160,0,0,0,1,0
26,0,42,4,1.3,3,0,1,0,0,0,0
34,8,35,4,0.8,1,137,0,1,1,1,0
30,6,80,3,1.5,1,219,0,0,1,0,0
62,36,109,4,1.7,3,0,0,0,1,0,0
36,6,138,1,7.0,3,86,0,0,1,0,1
42,17,114,2,0.4,1,0,0,0,0,0,0
48,22,83,2,0.4,3,248,0,0,1,0,0
56,32,51,4,1.5,1,0,0,0,0,0,0
31,1,74,4,4.0,3,0,0,0,0,0,0
45,20,109,1,7.0,1,366,0,0,1,0,0
49,23,68,1,1.5,2,0,0,0,0,0,0
55,29,81,3,1.7,2,171,0,0,1,0,0
48,22,139,1,0.0,1,0,0,1,1,1,0
38,14,33,1,2.0,2,0,0,0,1,0,0
58,33,138,2,3.9,1,0,0,0,1,0,0
35,8,41,2,1.0,2,0,0,0,1,1,0
49,25,91,4,1.4,2,0,0,0,1,0,0
61,35,60,1,2.8,2,0,0,0,1,0,0
58,28,75,1,1.4,3,0,0,0,1,0,0
59,34,30,1,1.3,1,0,0,0,1,1,0
46,21,51,4,1.9,3,0,0,0,0,0,0
55,29,19,4,0.7,3,121,1,0,0,1,0
59,35,55,1,1.8,3,0,1,0,0,0,0
54,30,120,1,7.4,1,119,0,0,1,1,0
41,16,154,1,7.0,1,0,0,0,0,1,0
50,26,179,1,2.9,3,0,0,0,0,1,1
43,18,42,1,0.3,3,0,0,0,1,0,0
49,23,64,4,2.6,1,0,0,0,1,1,0
64,38,22,2,0.2,3,0,1,0,0,0,0
40,15,43,2,1.1,2,0,0,0,0,1,0
49,24,13,1,0.4,3,101,1,0,0,0,0
48,22,125,1,2.4,1,0,0,0,1,0,0
29,3,69,3,0.3,3,0,0,0,0,0,0
27,0,40,4,1.0,3,0,0,0,1,0,0
48,23,114,2,3.8,3,0,1,0,0,0,0
34,8,38,4,0.2,1,0,0,0,0,0,0
59,33,53,3,2.5,1,0,0,0,1,0,0
31,6,81,2,2.5,1,313,0,0,0,0,0
56,32,23,1,1.2,3,127,0,0,1,1,0
59,35,84,1,1.8,3,0,0,0,1,1,0
29,5,70,4,0.0,1,0,0,0,1,1,0
32,6,120,4,5.4,1,301,0,1,1,1,1
26,0,54,3,1.1,2,0,0,0,1,0,0
35,10,164,2,7.8,1,0,0,0,1,0,0
60,33,42,4,2.5,2,194,0,0,1,0,0
61,35,38,2,1.0,3,0,0,0,0,0,0
54,30,22,2,0.4,1,89,0,0,1,0,0
50,20,25,4,0.4,3,0,0,0,1,0,0
60,36,30,4,1.3,1,118,0,0,1,1,0
50,23,85,1,2.67,2,0,0,0,1,0,0
42,18,22,1,1.0,1,0,0,0,0,0,0
36,10,80,4,2.2,2,0,0,0,1,0,0
51,27,71,1,2.6,2,0,0,0,0,1,0
32,7,38,1,1.0,1,0,0,0,1,0,0
52,27,39,2,0.7,2,166,0,0,1,0,0
58,34,41,4,1.3,1,0,0,0,1,0,0
48,23,112,1,5.1,2,86,1,1,1,0,1
53,28,175,3,3.6,3,0,0,1,1,1,1
44,20,79,4,2.0,3,0,1,1,1,1,0
51,25,40,4,1.8,1,0,1,0,0,1,0
38,13,129,4,4.4,1,140,0,0,0,0,1
36,11,83,1,2.8,1,0,0,0,0,0,0
31,5,115,2,1.3,1,101,0,0,1,1,0
41,17,78,4,0.8,1,78,0,0,1,0,0
44,19,69,4,0.4,1,0,0,0,0,0,0
50,25,44,2,0.7,2,192,0,0,1,0,0
33,7,15,1,0.4,2,82,1,1,1,1,0
35,9,131,3,0.3,3,0,0,1,1,1,1
32,8,20,1,0.5,3,102,0,0,1,0,0
59,34,94,3,0.5,1,0,0,0,0,1,0
45,21,73,1,0.8,3,0,0,0,1,0,0
37,13,29,4,0.4,2,155,0,0,1,0,0
63,39,40,4,1.2,2,0,0,0,1,0,0
52,26,28,2,0.7,2,90,0,0,1,1,0
32,6,32,1,1.9,3,0,0,0,1,0,0
35,10,38,4,1.7,1,0,0,0,1,1,0
51,24,21,2,1.0,2,0,0,0,1,0,0
55,30,145,2,6.0,3,0,0,0,1,0,1
37,11,60,3,0.5,3,0,0,0,1,0,0
63,37,149,2,0.2,3,364,0,0,1,0,1
42,17,60,1,2.4,1,98,0,0,1,0,0
54,29,119,3,2.0,1,0,1,1,0,0,1
29,5,122,4,3.0,1,0,0,0,0,1,1
45,21,152,2,1.4,1,0,0,0,1,0,0
36,10,28,4,1.0,1,130,0,0,1,0,0
60,35,44,4,2.1,1,0,0,0,0,0,0
30,5,61,1,0.8,2,251,1,1,1,0,0
33,8,58,4,1.3,1,0,1,0,0,0,0
30,4,80,4,1.8,2,0,0,0,0,0,0
33,7,22,1,0.4,2,0,0,0,0,0,0
34,10,51,3,2.0,1,130,0,0,0,0,0
63,37,10,2,0.4,1,0,0,0,1,0,0
30,6,82,2,2.5,1,0,0,0,0,0,0
56,30,141,2,0.5,1,0,0,0,1,0,0
28,3,71,1,3.3,2,149,1,1,1,0,1
45,19,22,3,1.5,1,0,0,0,1,1,0
32,8,30,4,0.4,2,78,0,0,1,0,0
56,32,161,1,5.8,3,0,1,0,0,0,1
60,35,42,3,1.5,1,0,0,0,0,1,0
53,28,173,4,2.7,1,427,0,0,1,0,1
40,14,61,4,0.2,3,0,0,0,1,0,0
26,2,104,3,2.5,1,0,0,0,0,0,0
48,22,80,2,2.4,2,0,0,0,1,0,0
27,1,43,1,1.5,1,0,0,0,1,0,0
38,14,44,2,1.7,1,0,0,0,0,0,0
30,4,40,4,0.8,1,0,0,0,1,0,0
40,14,78,1,5.2,1,0,0,0,1,0,0
51,26,21,4,0.8,1,0,0,0,1,0,0
47,22,19,1,0.4,3,0,0,0,1,0,0
33,9,80,4,3.4,1,0,0,0,1,1,0
53,28,18,4,0.8,1,0,0,0,0,0,0
62,37,41,3,0.9,3,0,0,0,1,1,0
53,27,145,1,2.9,1,345,0,0,0,0,0
29,4,102,2,3.3,1,303,0,0,0,0,0
33,9,61,3,2.6,2,0,0,0,1,0,0
35,8,52,2,1.0,2,0,0,0,0,1,0
63,39,24,2,0.3,3,0,0,0,0,0,0
54,29,98,1,0.1,3,0,0,0,0,0,0
29,4,134,2,3.3,1,204,0,0,0,0,0
33,6,49,2,1.67,2,214,0,0,0,0,0
57,32,15,2,0.2,3,0,0,0,0,1,0
41,16,18,1,0.6,3,0,0,0,0,1,0
39,14,80,2,0.4,1,0,0,0,0,0,0
40,16,115,1,3.4,1,0,0,0,1,0,0
49,24,13,4,0.8,1,111,0,0,1,0,0
39,14,34,4,1.7,1,0,0,0,1,1,0
29,5,113,2,2.0,2,84,0,0,1,1,0
30,6,42,1,2.1,3,144,0,0,0,1,0
33,7,32,1,0.6,3,166,0,0,1,0,0
63,37,165,4,5.1,3,0,0,0,0,0,1
51,25,62,2,1.5,2,0,0,0,1,1,0
30,6,115,4,3.8,2,0,0,0,1,0,1
25,-1,40,3,2.4,2,0,0,0,1,0,0
45,19,23,2,0.1,3,91,0,1,1,1,0
37,13,83,2,1.7,2,0,0,0,0,1,0
63,37,45,2,0.7,3,0,0,0,1,0,0
59,35,70,4,2.3,3,0,0,0,0,0,0
51,25,71,1,1.4,3,198,0,0,0,0,0
30,5,22,4,0.5,3,109,0,0,1,0,0
31,5,43,1,1.5,1,0,0,0,0,0,0
57,27,63,3,2.0,3,0,0,0,1,0,0
58,32,41,4,2.5,1,0,0,0,1,1,0
62,36,89,2,2.0,1,0,0,0,1,1,0
34,9,62,3,2.3,1,0,0,0,0,0,0
58,34,151,3,0.6,2,0,0,0,0,0,1
51,26,72,1,2.9,1,0,0,0,0,0,0
60,34,60,3,2.5,1,0,0,0,1,0,0
61,35,80,2,2.8,1,0,0,0,1,0,0
63,39,101,1,3.9,1,0,1,1,1,0,1
29,5,45,3,0.1,2,0,0,0,1,0,0
34,9,178,1,0.8,3,0,0,0,0,0,1
41,16,25,2,0.1,2,91,1,0,0,0,0
52,27,81,4,3.8,2,0,0,0,0,0,0
46,20,74,4,2.6,3,104,0,0,1,0,0
35,11,81,2,0.0,1,0,0,0,1,1,0
42,18,145,1,1.7,1,132,0,0,1,1,0
50,25,83,4,3.1,1,0,0,0,0,1,1
37,13,58,2,0.6,3,0,0,0,0,1,0
26,0,44,4,1.3,3,0,1,0,0,0,0
33,7,44,1,0.3,1,0,0,0,0,0,0
48,23,19,1,0.1,1,0,0,0,1,0,0
23,-1,13,4,1.0,1,84,0,0,1,0,0
58,28,70,1,1.4,3,0,0,0,0,0,0
35,9,43,4,1.2,2,0,1,0,1,0,0
60,34,52,4,1.7,2,0,1,0,1,0,0
37,12,28,4,1.7,1,0,1,1,1,0,0
32,7,81,4,1.8,3,0,0,0,1,0,0
36,12,79,2,2.2,1,0,0,0,1,0,0
55,28,21,1,0.5,2,0,1,0,0,1,0
54,29,183,1,8.1,1,0,0,0,1,1,0
46,20,25,4,0.6,3,125,0,0,0,0,0
54,28,81,3,0.8,1,0,0,0,0,0,0
43,19,83,4,2.0,3,0,0,0,1,0,0
43,17,45,2,0.7,1,0,0,0,0,0,0
43,19,63,3,2.1,3,0,0,0,0,0,0
44,19,34,1,0.3,3,78,0,0,1,0,0
55,25,23,4,0.4,3,88,0,0,0,0,0
31,6,19,4,1.1,3,104,0,1,1,1,0
50,24,102,2,6.3,1,0,0,0,1,0,0
28,4,43,1,1.8,2,0,0,0,1,1,0
47,22,124,4,5.0,3,0,0,0,0,0,1
31,5,50,1,1.5,1,0,0,0,1,0,0
53,27,192,1,1.7,1,601,0,0,1,0,0
34,8,171,2,2.2,2,569,0,0,1,0,1
31,6,175,2,6.7,1,0,0,0,1,0,0
43,18,128,4,5.3,1,84,0,0,0,0,1
39,13,59,3,0.5,3,0,0,0,0,0,0
34,8,65,1,3.0,1,227,0,0,1,0,1
48,18,182,4,6.0,3,0,0,0,1,0,1
36,12,113,4,0.2,1,0,0,0,0,0,1
61,37,20,2,0.3,3,0,0,0,1,0,0
28,4,33,3,1.0,2,0,0,0,0,1,0
46,20,73,1,1.5,2,128,0,0,1,0,0
64,34,179,2,4.5,3,400,0,0,0,0,1
52,26,91,1,4.3,2,0,0,1,1,1,1
65,41,40,3,0.1,3,0,0,0,1,0,0
56,32,28,1,1.2,3,0,0,0,1,0,0
41,16,109,3,1.0,1,0,1,0,1,0,0
63,39,131,3,2.6,3,229,0,0,1,0,1
55,31,74,2,3.2,3,0,0,0,1,1,0
42,18,71,3,2.33,1,106,1,0,1,0,0
56,30,158,4,6.1,1,0,0,0,0,0,1
45,19,19,3,0.5,2,0,0,0,1,0,0
41,15,82,3,0.1,1,0,0,0,1,0,0
57,31,39,1,2.2,3,0,0,0,1,1,0
55,30,118,4,5.6,2,0,0,0,1,0,1
33,8,122,1,0.0,1,0,0,0,1,1,0
54,28,79,3,1.7,2,150,0,0,1,1,0
65,39,121,1,2.0,1,0,0,0,0,0,0
40,16,109,2,2.2,1,0,0,0,1,0,0
41,17,83,4,2.67,1,0,0,0,1,1,0
62,38,132,1,2.9,1,0,0,0,0,0,0
45,19,85,2,1.7,2,0,0,0,1,0,0
30,3,172,3,3.4,2,0,0,0,0,1,1
48,24,84,3,0.7,1,166,0,0,1,0,0
43,19,73,3,2.33,1,0,1,1,1,1,0
28,2,101,4,2.1,3,0,0,0,1,0,0
66,42,39,1,1.9,2,0,0,0,1,1,0
39,9,29,3,2.0,3,151,1,0,0,0,0
48,24,43,3,1.9,2,0,0,0,1,0,0
52,27,61,4,1.8,3,207,0,0,0,0,0
53,28,192,2,6.4,3,0,0,0,0,0,1
53,27,45,2,0.8,3,0,0,0,1,1,0
47,22,11,2,0.0,1,78,0,0,0,0,0
27,3,112,3,2.5,1,389,1,0,1,0,0
30,6,193,3,6.3,3,0,0,0,1,0,1
47,22,92,1,2.8,2,0,0,0,1,0,0
38,12,61,3,0.9,3,0,0,0,0,0,0
40,16,32,1,1.4,3,158,0,0,1,0,0
62,36,135,2,5.2,2,0,0,0,1,0,1
33,8,125,1,0.0,1,0,0,0,1,1,0
42,18,51,3,2.1,3,0,0,0,0,0,0
64,34,50,4,1.67,3,0,0,0,1,0,0
51,27,20,4,0.5,2,0,0,0,1,0,0
44,17,12,3,0.67,2,0,0,0,1,0,0
61,37,64,1,0.0,2,0,0,0,0,1,0
60,36,165,3,5.6,1,0,0,0,0,1,1
55,29,21,4,0.7,3,0,1,0,1,0,0
63,37,105,4,1.7,3,244,0,0,0,1,0
55,31,20,2,0.3,1,0,0,0,1,0,0
47,20,49,3,2.5,2,0,0,0,1,0,0
41,17,93,4,0.8,1,218,0,0,0,0,0
30,6,29,3,1.0,2,117,0,0,0,0,0
61,35,83,2,1.7,3,245,0,0,1,0,0
41,17,153,1,1.7,1,337,0,0,0,1,0
29,3,154,2,2.0,1,130,0,0,0,0,0
60,35,128,1,0.9,1,0,0,0,1,0,0
63,37,140,2,6.9,1,97,0,0,0,1,0
53,28,18,4,0.1,3,109,1,1,1,1,0
58,34,90,1,3.6,2,0,0,0,0,0,1
38,14,62,1,1.5,3,255,0,0,1,0,0
47,22,42,3,2.7,2,0,0,0,1,1,0
25,0,71,4,0.2,1,78,1,0,0,0,0
31,5,110,2,1.5,3,0,0,0,1,0,0
43,19,113,1,1.7,1,0,0,0,0,0,0
40,15,51,2,1.1,2,131,0,0,1,0,0
60,35,113,1,0.9,1,406,0,0,1,0,0
27,3,105,1,3.0,2,0,1,0,0,0,1
38,12,91,4,1.4,2,100,0,0,0,1,0
39,15,79,4,2.4,1,0,0,0,0,0,0
40,14,33,2,0.8,3,89,0,0,1,0,0
41,15,54,3,0.5,3,0,0,0,1,1,0
57,27,50,4,2.0,3,0,0,0,1,0,0
35,9,84,4,2.2,2,322,0,0,0,0,0
56,30,101,3,1.7,2,0,0,0,0,1,0
44,20,160,2,7.6,1,0,1,0,0,0,0
34,10,45,3,2.8,1,153,0,0,1,1,0
36,12,150,4,5.4,1,0,1,1,1,0,1
35,10,139,1,4.6,1,0,0,0,0,0,0
62,37,10,3,0.5,1,0,0,0,1,0,0
48,23,43,4,1.9,3,0,0,0,1,0,0
42,18,130,2,7.5,1,0,0,0,0,1,0
30,4,102,4,2.1,3,139,0,0,0,1,0
62,37,95,3,0.5,1,0,0,0,0,0,0
36,11,110,1,3.8,1,0,0,0,1,1,0
41,17,44,1,0.3,3,0,0,0,1,0,0
31,7,20,1,0.4,3,0,0,0,1,0,0
40,14,64,4,0.2,3,0,0,0,1,1,0
54,29,32,2,0.6,3,0,0,0,1,1,0
26,2,79,2,2.5,1,0,0,0,1,0,0
46,20,104,1,5.7,1,0,0,0,1,1,0
54,29,111,1,1.1,2,0,0,0,1,0,1
48,24,165,1,5.0,1,0,0,0,0,1,0
60,35,33,2,0.5,2,0,0,0,1,0,0
59,35,68,1,1.8,3,95,0,0,0,0,0
53,23,44,3,1.0,3,198,0,0,1,1,0
27,2,20,4,0.5,3,0,0,0,1,0,0
44,20,72,3,0.3,3,0,0,0,1,0,0
58,34,35,1,1.2,3,0,0,0,1,0,0
50,25,14,2,0.7,3,0,1,0,1,0,0
51,25,190,2,4.2,2,0,0,0,1,0,1
47,21,38,3,0.6,2,0,1,0,0,0,0
55,29,131,2,0.7,2,0,0,0,0,1,1
29,5,112,2,4.33,1,0,0,0,1,1,0
59,32,49,4,2.5,2,0,0,0,1,0,0
60,35,122,1,2.6,1,352,0,0,0,0,0
39,13,50,2,2.4,2,0,0,0,0,0,0
30,4,39,3,1.1,2,0,0,0,1,0,0
35,9,188,2,3.7,2,259,0,0,1,0,1
36,12,93,2,2.2,1,0,0,0,1,0,0
64,40,88,1,3.8,1,243,0,0,1,1,0
37,13,172,2,6.5,1,0,0,0,0,0,0
35,11,21,2,1.0,2,0,0,0,0,0,0
26,1,18,2,0.9,3,95,0,0,0,0,0
39,15,80,2,1.8,2,86,0,0,1,1,0
34,8,41,4,0.8,1,0,0,0,0,0,0
48,22,133,2,3.1,2,0,0,0,1,0,1
57,33,61,3,2.67,1,0,0,0,1,0,0
62,36,119,2,2.0,1,0,0,0,0,0,0
41,16,82,1,4.0,3,0,0,0,1,0,0
33,8,54,3,2.3,1,0,0,0,0,1,0
48,23,168,2,2.8,1,308,0,0,1,0,0
59,33,68,2,2.3,3,128,1,0,1,0,0
34,9,104,3,1.2,3,0,0,0,1,0,0
59,34,60,2,2.8,1,0,0,0,1,0,0
63,38,111,2,3.9,1,207,1,1,1,1,0
51,25,173,1,0.5,2,0,0,0,1,0,1
60,36,93,1,4.3,1,0,0,0,1,0,0
53,27,115,2,0.5,3,0,0,0,0,0,1
34,9,65,3,0.7,2,104,0,0,1,0,0
33,9,183,2,8.8,3,582,0,0,1,0,1
29,3,172,4,4.4,1,0,0,0,0,0,1
29,-1,62,2,1.75,3,0,0,0,0,1,0
50,24,94,1,4.9,1,272,0,0,1,0,0
48,23,74,1,1.2,1,0,0,0,1,0,0
28,2,42,1,1.5,1,0,0,0,1,1,0
50,24,35,1,0.3,3,0,0,0,1,0,0
42,17,89,1,0.1,2,170,0,0,1,0,0
55,30,84,2,3.7,1,304,1,0,1,0,0
37,12,40,2,1.1,2,0,1,0,0,1,0
42,15,14,3,1.0,2,0,1,0,0,0,0
26,2,195,1,6.33,1,0,0,0,0,0,0
28,4,103,2,2.5,1,0,0,0,1,1,0
55,25,42,3,1.0,3,0,0,0,1,0,0
27,3,119,1,5.4,1,118,0,0,1,0,0
47,20,79,3,2.0,2,185,1,0,0,0,0
30,6,141,2,4.33,1,0,0,0,1,0,0
60,36,145,4,6.9,1,380,0,0,0,1,1
52,28,44,4,0.9,2,107,0,0,1,0,0
53,26,22,1,0.5,2,0,0,0,1,1,0
49,23,70,1,0.3,1,217,0,0,0,0,0
54,24,83,1,3.0,3,0,0,0,0,0,0
28,1,40,1,2.0,2,0,1,0,1,0,0
64,39,64,3,2.2,1,0,0,0,1,0,0
36,10,33,3,0.9,1,0,0,0,0,0,0
41,16,49,3,0.5,3,0,0,0,1,0,0
46,21,68,1,0.2,2,0,0,0,1,0,0
53,23,65,4,2.0,3,0,0,0,1,0,0
65,41,42,1,1.9,2,0,0,0,0,0,0
50,24,31,1,0.3,3,0,0,0,0,0,0
51,25,29,1,0.3,3,140,0,0,0,0,0
29,3,84,1,2.9,3,0,0,0,1,0,0
55,29,72,3,0.3,2,147,0,0,0,0,0
52,26,19,1,1.4,3,96,0,0,1,0,0
61,35,79,2,2.0,1,194,0,0,1,1,0
58,28,95,1,3.0,3,0,0,0,0,0,0
38,8,21,1,0.67,3,0,0,0,1,0,0
38,13,191,2,3.0,1,0,0,0,1,0,0
48,21,78,3,2.0,2,0,0,0,1,1,0
26,0,99,4,2.3,3,0,0,0,0,1,0
28,4,94,3,0.8,1,236,0,0,1,0,0
43,16,161,3,8.0,2,0,0,1,1,1,1
59,35,102,4,3.0,2,115,0,0,1,0,1
59,35,94,1,3.8,1,272,0,0,0,0,0
32,7,112,1,4.6,1,366,0,0,0,0,0
51,26,42,2,0.6,3,0,0,0,1,1,0
38,14,60,2,0.6,3,0,0,0,1,1,0
54,30,39,2,0.8,1,0,0,0,0,1,0
41,17,80,1,0.3,1,0,0,0,0,0,0
41,15,89,3,0.1,1,292,0,0,1,0,0
59,32,40,4,2.5,2,0,0,0,1,0,0
53,29,132,2,0.3,1,403,0,0,0,0,0
56,32,120,1,7.4,1,186,0,0,1,0,0
55,29,71,3,0.3,2,0,0,0,0,1,0
35,5,22,1,0.67,3,103,0,0,0,0,0
58,33,61,4,1.7,1,0,0,0,0,0,0
31,6,81,4,2.2,2,116,0,0,1,0,0
50,23,18,2,1.0,2,88,0,0,1,1,0
30,6,13,3,0.9,3,0,0,0,1,0,0
34,9,134,1,4.6,1,164,1,0,1,0,0
42,18,158,2,0.4,2,277,0,0,0,1,1
41,16,65,3,0.5,3,0,0,0,1,0,0
57,31,52,4,2.5,1,0,0,0,0,1,0
58,33,142,2,3.9,1,0,0,0,0,1,0
53,27,31,3,0.9,3,78,0,0,1,0,0
33,7,54,4,0.2,1,141,1,0,0,0,0
51,27,24,3,0.4,1,0,0,0,1,1,0
58,33,23,3,1.3,2,131,0,0,0,0,0
56,30,122,2,0.5,1,0,0,0,0,1,0
66,41,15,3,0.1,3,0,0,0,1,0,0
41,17,34,1,0.7,1,143,0,0,0,0,0
59,35,60,1,0.0,2,0,0,0,1,1,0
56,32,122,2,0.3,1,360,0,1,1,1,0
52,28,90,1,2.6,2,0,1,0,1,0,0
44,20,151,1,3.5,1,392,0,0,1,0,0
41,16,104,1,1.0,3,0,0,0,1,0,0
57,32,84,3,1.6,3,0,1,0,0,0,0
54,30,69,1,1.6,3,0,0,0,1,1,0
57,33,24,4,0.7,1,0,0,0,1,0,0
49,24,79,4,3.6,3,212,0,0,1,0,0
37,13,111,1,0.8,2,0,0,0,0,0,0
30,6,112,3,2.5,1,0,0,0,1,0,0
55,29,78,1,0.8,3,190,0,0,1,0,0
64,39,35,1,1.5,2,0,1,0,0,0,0
35,10,152,2,3.0,1,0,0,0,1,0,0
57,31,39,4,0.7,2,0,1,0,1,0,0
57,33,134,4,0.9,1,198,0,0,1,0,1
55,29,79,3,0.8,1,0,0,0,1,1,0
65,39,22,3,0.7,2,0,0,0,0,0,0
35,10,54,1,2.5,3,0,0,0,0,1,0
37,13,33,4,0.4,2,0,0,0,0,0,0
43,18,84,1,4.0,3,0,0,0,0,0,0
62,37,18,1,1.5,2,127,0,0,0,0,0
64,38,42,2,0.7,3,137,0,0,1,0,0
35,10,34,4,1.7,1,87,0,0,1,1,0
47,21,28,3,1.5,1,0,0,0,1,0,0
52,28,101,2,0.3,1,0,0,0,0,0,0
27,1,43,3,1.1,2,0,0,0,0,0,0
41,17,140,1,3.5,1,342,0,0,0,0,0
43,17,158,1,2.4,1,0,0,0,1,0,0
42,18,81,4,2.4,1,0,0,0,0,0,0
32,8,104,2,3.7,1,0,0,0,0,1,1
64,40,169,2,2.1,1,122,0,0,1,0,0
51,25,29,1,1.4,3,102,0,0,0,1,0
62,37,32,3,0.2,1,0,1,0,0,1,0
34,9,41,3,2.3,1,0,0,0,0,1,0
41,17,160,2,8.0,1,0,0,0,1,0,0
47,22,42,3,2.7,2,0,0,0,1,0,0
35,8,48,2,1.67,2,0,0,0,1,0,0
50,24,91,1,0.8,3,0,0,0,1,0,0
26,0,102,4,2.3,3,0,0,0,0,0,0
44,19,30,1,0.6,3,0,0,0,1,0,0
42,18,60,4,0.2,3,151,0,0,0,1,0
45,21,32,4,0.6,1,77,0,0,0,1,0
60,34,50,3,2.2,3,0,0,0,1,1,0
62,36,60,3,2.2,3,0,0,0,1,0,0
32,8,29,1,0.2,3,76,0,0,1,1,0
61,36,41,2,1.5,1,0,0,0,0,0,0
35,9,51,4,2.2,2,110,0,0,1,0,0
47,22,58,4,3.6,3,0,0,0,1,1,0
57,32,42,2,2.1,3,0,0,0,1,0,0
53,29,85,3,1.8,2,0,0,0,1,0,0
33,7,188,2,7.0,2,581,0,0,0,0,1
31,7,128,1,6.0,1,0,0,0,0,0,0
50,24,155,1,7.3,1,0,0,0,1,1,0
42,16,74,1,2.8,1,0,0,0,1,0,0
60,34,139,4,0.4,1,0,0,0,1,0,1
49,23,84,3,2.1,1,134,1,0,1,0,0
57,31,165,1,1.6,2,0,0,0,1,0,1
32,6,28,3,1.0,1,0,0,0,0,0,0
39,15,31,1,1.4,3,88,0,0,1,1,0
64,38,32,3,0.7,2,0,0,0,1,1,0
52,28,31,4,0.9,2,151,1,0,1,0,0
61,37,62,1,0.0,2,244,0,0,1,0,0
39,15,33,1,2.0,2,0,0,0,0,0,0
32,7,98,1,4.2,1,171,1,1,0,0,1
54,30,78,4,1.0,2,0,0,0,1,0,0
51,26,191,1,8.1,1,0,1,0,1,0,0
38,12,60,2,1.8,1,0,0,0,1,0,0
53,27,93,1,0.8,3,313,0,0,0,0,0
53,28,41,2,0.6,3,193,0,0,0,0,0
52,28,43,4,1.1,2,0,0,0,0,0,0
42,18,115,1,0.3,1,0,0,0,0,0,0
62,37,24,1,0.3,3,0,1,0,1,0,0
27,3,123,1,5.4,1,0,0,0,0,0,0
37,13,195,2,6.5,1,635,0,0,1,0,0
56,31,13,4,0.9,2,76,0,1,1,1,0
31,4,29,4,1.5,2,121,0,0,1,1,0
35,9,40,3,0.9,1,0,0,0,1,1,0
39,14,22,2,0.3,2,0,0,0,1,0,0
42,17,79,1,3.7,3,0,1,0,0,1,0
48,23,191,2,2.8,1,231,0,0,0,1,0
41,16,81,2,0.4,1,0,0,0,0,1,0
50,26,23,1,0.3,1,0,0,0,0,0,0
61,35,112,4,1.7,3,0,0,0,0,1,0
31,5,30,4,0.3,2,0,0,0,1,0,0
45,19,83,2,1.7,2,0,0,0,1,0,0
59,33,41,4,2.5,1,174,0,0,0,0,0
43,19,129,1,5.0,1,0,1,0,1,0,0
53,23,39,3,1.0,3,87,0,0,1,0,0
34,10,84,4,0.1,2,0,0,0,1,0,0
52,27,28,3,1.7,2,0,0,0,0,0,0
50,23,9,2,1.0,2,0,0,0,1,0,0
49,24,70,1,2.9,1,0,0,0,0,0,0
65,39,35,1,0.5,3,150,0,0,1,0,0
36,10,172,4,1.0,2,295,0,0,1,0,1
60,34,105,2,1.4,1,0,0,0,1,0,0
60,34,19,3,0.3,3,0,0,0,1,0,0
26,1,48,3,2.6,3,169,0,0,0,0,0
65,40,48,3,2.4,1,0,0,0,0,1,0
59,35,32,3,0.4,2,0,0,0,0,1,0
41,15,39,3,0.5,3,0,0,0,0,0,0
55,29,162,1,2.9,1,0,0,0,1,1,0
38,12,43,4,0.2,1,0,0,0,0,0,0
53,28,20,3,0.1,2,0,0,0,0,0,0
45,18,45,3,1.0,2,0,0,0,1,0,0
32,6,41,3,0.9,1,179,0,0,0,0,0
64,40,95,2,0.0,3,0,0,0,1,1,0
58,34,150,1,7.4,1,481,0,0,1,0,0
39,13,69,3,0.1,1,0,0,0,0,0,0
58,32,99,2,1.4,1,0,0,0,0,1,0
42,18,52,2,2.5,1,0,0,0,0,0,0
27,1,85,2,1.6,3,0,0,0,0,0,0
54,29,59,2,2.3,3,152,0,0,1,0,0
49,25,22,4,0.2,1,83,0,0,1,0,0
32,6,13,4,0.3,1,0,0,0,1,1,0
30,5,13,4,0.5,3,0,0,0,0,0,0
65,41,185,3,2.0,2,0,0,0,0,0,1
54,28,165,1,4.1,3,0,0,1,1,1,1
44,18,72,1,0.7,3,155,0,0,0,0,0
31,7,18,1,0.4,3,0,0,0,1,0,0
35,10,30,3,1.3,1,0,1,1,1,1,0
63,38,9,4,0.6,2,100,0,0,1,1,0
44,20,122,1,0.3,1,0,0,0,1,0,0
43,19,84,4,0.2,3,297,0,0,1,0,0
42,18,45,1,0.7,1,0,1,0,1,0,0
47,23,199,2,6.67,1,0,0,0,1,0,0
41,16,69,1,0.1,2,0,0,0,1,0,0
56,32,88,2,0.3,1,0,0,0,1,0,0
38,14,112,2,2.2,1,394,0,0,0,0,0
37,11,71,1,2.5,1,185,0,0,1,1,0
57,33,88,1,2.7,2,0,0,0,1,0,0
52,26,59,2,1.5,2,239,0,0,0,1,0
58,34,60,4,1.6,2,0,0,0,0,1,0
49,22,23,2,1.0,2,0,0,0,1,1,0
33,9,41,3,2.0,1,108,0,0,1,0,0
35,9,25,3,0.1,2,0,1,0,1,0,0
25,0,52,3,2.6,3,159,0,0,0,0,0
43,19,121,1,0.7,2,0,0,1,1,1,1
41,17,143,2,2.7,3,209,0,0,1,0,1
30,5,69,1,0.8,2,0,1,0,1,0,0
46,20,185,4,7.5,2,428,0,0,0,1,1
45,19,85,3,2.1,1,0,0,0,1,1,0
64,40,58,1,1.8,3,0,0,0,1,0,0
53,29,98,3,1.8,2,0,0,0,0,0,0
45,19,40,1,0.2,1,0,1,1,1,1,0
58,34,48,4,1.3,2,0,0,0,1,1,0
35,11,90,2,0.0,1,0,0,0,0,0,0
42,12,34,3,2.0,3,0,0,0,0,1,0
41,17,85,4,0.2,3,229,0,0,0,0,0
35,9,41,4,1.2,2,0,0,0,1,0,0
44,19,35,4,0.0,2,0,0,0,1,0,0
40,15,10,2,0.0,3,102,0,0,1,0,0
62,37,19,3,0.5,1,89,0,0,0,0,0
33,3,59,2,1.75,3,0,0,0,1,0,0
38,14,90,2,2.7,1,0,0,0,1,1,0
60,34,25,4,0.7,3,0,0,0,1,0,0
35,11,82,2,1.7,2,0,0,0,1,1,0
60,36,79,1,1.8,3,0,0,0,0,1,0
35,10,31,3,1.3,1,0,0,0,0,0,0
63,38,15,4,0.6,2,83,0,0,0,0,0
62,38,45,4,1.3,2,0,0,0,1,0,0
52,26,78,3,3.0,2,0,0,0,0,0,0
48,22,59,1,1.4,3,241,0,0,1,0,0
41,17,81,4,0.2,3,167,1,0,0,0,0
50,25,45,2,0.6,3,0,0,0,0,0,0
57,33,9,1,0.1,2,91,1,0,1,0,0
56,30,48,1,2.2,3,0,0,0,1,1,0
58,34,80,2,1.6,1,0,0,0,1,1,0
54,29,79,4,3.8,2,0,1,0,1,0,0
33,8,62,1,1.0,1,0,0,0,1,0,0
39,13,25,3,0.2,2,0,0,0,1,0,0
30,6,48,1,1.2,1,0,0,0,1,0,0
30,5,123,2,3.1,1,0,0,0,1,0,0
42,17,154,3,4.9,1,0,0,1,1,1,1
58,32,40,1,1.6,1,0,1,1,1,1,0
41,16,155,1,7.0,1,0,0,0,0,0,0
40,14,54,2,0.7,1,0,0,0,0,0,0
37,13,95,2,1.7,2,0,0,0,0,1,0
43,18,60,2,2.2,3,115,0,0,0,0,0
40,16,89,4,0.8,1,155,0,0,1,0,0
35,10,161,1,4.1,1,0,1,0,1,0,0
41,16,64,4,0.4,1,0,0,0,1,0,0
42,12,29,3,2.0,3,0,0,0,0,0,0
58,34,125,1,4.3,1,219,0,0,0,0,0
30,4,25,2,0.3,2,0,0,0,0,0,0
56,31,48,2,2.1,3,0,0,0,0,1,0
37,13,84,1,3.6,2,0,1,0,0,0,0
33,8,175,2,6.7,1,102,0,0,1,0,0
41,17,14,1,1.0,1,0,0,0,0,0,0
52,27,94,1,2.8,2,333,0,0,1,0,0
30,4,194,2,4.5,1,0,0,0,0,1,0
48,23,22,1,0.1,1,0,0,0,0,0,0
28,2,93,2,0.2,1,0,0,0,0,0,0
67,41,20,2,0.4,1,80,0,0,0,0,0
55,30,55,3,1.7,1,0,0,0,0,1,0
28,4,191,1,6.33,1,0,0,0,1,0,0
52,26,194,2,5.7,2,0,0,0,1,0,1
43,17,84,4,2.6,3,289,1,1,1,1,0
47,23,130,2,1.4,1,0,0,0,0,0,0
43,17,82,3,0.1,1,0,0,0,1,0,0
42,16,62,3,0.9,3,0,0,0,1,0,0
52,28,168,3,6.5,3,118,0,0,1,0,1
43,17,125,4,3.5,2,0,0,0,0,0,1
42,18,43,1,0.7,1,136,0,0,0,0,0
36,12,109,3,0.5,3,0,1,1,1,0,1
56,30,61,3,2.5,1,193,0,0,1,0,0
40,15,143,1,4.1,1,0,0,0,1,0,0
34,10,68,3,2.6,2,0,0,0,0,0,0
54,29,12,2,0.2,3,0,0,0,1,0,0
34,10,134,1,4.0,1,0,0,0,0,0,0
63,37,11,1,0.8,2,102,0,0,0,1,0
35,11,38,1,1.5,2,136,0,0,1,0,0
54,24,29,3,1.0,3,148,0,0,0,1,0
50,25,79,1,2.9,1,307,0,0,0,1,0
47,21,123,1,7.3,1,0,0,0,0,0,0
29,5,81,2,2.5,1,0,0,0,0,1,0
47,23,190,4,0.3,3,305,0,0,0,0,1
55,29,78,4,2.6,3,0,0,0,0,1,0
57,32,19,1,1.3,1,0,0,0,1,0,0
32,8,115,1,4.0,1,0,0,0,0,0,0
51,25,181,1,3.3,3,589,1,1,1,0,1
57,32,63,4,0.7,1,0,0,0,1,0,0
30,6,49,3,0.7,2,196,0,0,0,1,0
50,26,21,1,0.2,1,89,0,0,1,0,0
58,32,38,3,2.2,3,0,0,0,1,0,0
29,4,83,4,2.2,2,0,0,0,1,1,0
35,10,85,4,2.1,3,0,0,0,0,1,0
38,13,63,3,0.5,3,190,1,1,1,1,0
59,35,94,1,4.3,1,76,1,1,1,0,0
52,28,62,1,1.8,3,231,0,0,1,0,0
65,39,10,1,0.8,2,0,0,0,1,0,0
61,35,90,4,1.9,2,0,0,0,1,0,0
35,11,58,3,2.0,1,149,0,0,1,1,0
38,12,64,2,1.8,1,0,0,0,0,0,0
48,24,54,1,1.6,2,186,0,0,1,0,0
32,6,13,4,0.3,1,0,1,1,1,1,0
55,29,65,4,2.8,2,0,0,0,1,0,0
54,29,54,2,2.1,3,97,0,0,0,0,0
36,10,35,2,0.3,1,98,0,0,1,0,0
37,13,75,3,2.6,2,0,1,0,0,0,0
37,11,84,2,1.8,1,0,0,0,1,1,0
33,9,131,3,2.2,3,0,1,0,0,0,1
43,19,113,2,1.8,2,0,0,0,0,1,0
35,11,180,1,3.6,3,571,0,1,1,1,1
39,15,118,2,1.9,1,0,0,0,0,1,0
52,28,55,2,3.2,3,151,0,0,0,0,0
58,34,30,3,0.4,2,0,0,0,0,0,0
62,38,54,1,0.8,1,0,1,0,0,1,0
46,22,153,2,7.5,1,0,0,0,0,0,0
39,15,55,1,1.5,3,0,0,0,1,0,0
39,13,59,4,0.2,3,0,1,0,0,1,0
45,21,33,3,0.5,1,136,0,1,1,1,0
64,39,23,3,0.5,1,0,1,0,0,0,0
62,38,154,1,2.9,1,0,0,0,1,0,0
28,4,43,3,0.1,2,0,0,0,1,0,0
26,2,172,2,6.9,2,0,0,0,1,0,1
38,12,141,2,0.0,1,0,0,0,1,1,0
53,27,63,2,0.8,3,0,1,0,1,0,0
35,10,75,4,0.7,3,0,0,0,1,1,0
41,17,139,2,8.0,1,0,0,0,1,0,0
65,40,81,3,1.8,2,0,0,0,1,0,0
52,28,65,1,0.0,1,0,0,0,1,1,0
58,34,44,4,2.2,1,0,1,0,0,0,0
54,30,70,1,1.6,3,251,0,0,1,1,0
44,18,14,2,0.1,3,98,0,0,0,1,0
61,36,25,2,0.5,2,0,0,0,1,1,0
37,7,94,4,1.8,3,232,0,0,1,0,0
52,28,8,1,0.3,1,0,0,0,1,0,0
61,37,13,2,0.3,3,0,0,0,1,0,0
41,17,141,2,7.6,1,92,0,0,0,0,0
38,12,179,2,0.0,1,380,0,0,0,0,0
65,39,150,2,6.9,1,196,0,0,0,0,0
63,39,64,1,1.8,3,147,0,0,1,1,0
43,18,63,3,0.8,3,0,1,0,0,0,0
43,18,59,1,3.7,3,0,0,0,1,0,0
27,3,72,4,0.0,1,0,0,0,1,0,0
46,20,84,3,0.7,2,0,0,0,1,0,0
32,7,83,1,2.6,2,0,1,0,0,1,0
61,37,39,4,0.4,1,0,0,0,1,1,0
46,21,115,2,4.2,3,0,1,1,1,1,1
32,8,42,1,1.8,2,0,0,0,0,0,0
31,7,38,1,0.2,3,0,0,0,1,0,0
47,22,190,2,8.8,1,0,0,0,0,0,0
40,16,42,4,2.2,2,126,0,0,0,0,0
31,4,60,4,2.0,2,0,0,0,1,1,0
31,5,91,3,1.6,1,126,0,0,1,1,0
52,28,179,4,4.2,3,0,0,0,0,0,1
29,4,44,4,2.0,2,0,0,0,1,0,0
41,17,45,1,1.8,1,172,1,0,1,0,0
